-- phpMyAdmin SQL Dump
-- version 5.2.1
-- https://www.phpmyadmin.net/
--
-- Host: 127.0.0.1
-- Generation Time: Jul 28, 2025 at 09:41 AM
-- Server version: 10.4.32-MariaDB
-- PHP Version: 8.2.12

SET SQL_MODE = "NO_AUTO_VALUE_ON_ZERO";
START TRANSACTION;
SET time_zone = "+00:00";


/*!40101 SET @OLD_CHARACTER_SET_CLIENT=@@CHARACTER_SET_CLIENT */;
/*!40101 SET @OLD_CHARACTER_SET_RESULTS=@@CHARACTER_SET_RESULTS */;
/*!40101 SET @OLD_COLLATION_CONNECTION=@@COLLATION_CONNECTION */;
/*!40101 SET NAMES utf8mb4 */;

--
-- Database: `tpk`
--

-- --------------------------------------------------------

--
-- Table structure for table `alat`
--

CREATE TABLE `alat` (
  `id_alat` int(2) NOT NULL,
  `nama_alat` varchar(20) NOT NULL,
  `status` enum('aktif','nonaktif') DEFAULT 'aktif',
  `created_at` timestamp NOT NULL DEFAULT current_timestamp()
) ENGINE=InnoDB DEFAULT CHARSET=utf8mb4 COLLATE=utf8mb4_general_ci;

--
-- Dumping data for table `alat`
--

INSERT INTO `alat` (`id_alat`, `nama_alat`, `status`, `created_at`) VALUES
(7, 'Head Trucks', 'aktif', '2025-06-18 04:56:13'),
(8, 'Side Loader', 'aktif', '2025-06-19 08:57:11'),
(9, 'Reach Stacker', 'aktif', '2025-06-19 08:57:20'),
(10, 'Rail Mounted Gantry', 'aktif', '2025-06-19 08:57:24');

-- --------------------------------------------------------

--
-- Table structure for table `nomor_seri`
--

CREATE TABLE `nomor_seri` (
  `id_nomor` int(2) NOT NULL,
  `id_alat` int(2) NOT NULL,
  `nomor_seri` varchar(20) NOT NULL,
  `status` enum('aktif','nonaktif') DEFAULT 'aktif',
  `created_at` timestamp NOT NULL DEFAULT current_timestamp()
) ENGINE=InnoDB DEFAULT CHARSET=utf8mb4 COLLATE=utf8mb4_general_ci;

--
-- Dumping data for table `nomor_seri`
--

INSERT INTO `nomor_seri` (`id_nomor`, `id_alat`, `nomor_seri`, `status`, `created_at`) VALUES
(10, 7, 'HT-01', 'aktif', '2025-06-18 04:56:56'),
(11, 10, 'RMGC-01', 'aktif', '2025-06-19 08:57:36'),
(12, 9, 'RS-02', 'aktif', '2025-06-19 08:57:48'),
(13, 8, 'SL-01', 'aktif', '2025-06-19 08:58:00'),
(14, 9, 'RS-01', 'aktif', '2025-06-23 19:28:41'),
(15, 9, 'RS-03', 'aktif', '2025-06-23 19:28:54'),
(16, 8, 'SL-03', 'aktif', '2025-06-23 19:29:09'),
(17, 10, 'RMGC-02', 'aktif', '2025-06-23 19:29:35'),
(18, 10, 'RMGC-03', 'aktif', '2025-06-23 19:29:44'),
(19, 10, 'RMGC-04', 'aktif', '2025-06-23 19:29:55'),
(20, 7, 'HT-02', 'aktif', '2025-06-23 19:30:22'),
(21, 7, 'HT-05', 'aktif', '2025-06-23 19:30:34'),
(22, 7, 'HT-06', 'aktif', '2025-06-23 19:30:44'),
(23, 7, 'HT-07', 'aktif', '2025-06-23 19:30:54'),
(24, 7, 'HT-08', 'aktif', '2025-06-23 19:31:05'),
(25, 7, 'HT-09', 'aktif', '2025-06-23 19:31:17'),
(26, 7, 'HT-15', 'aktif', '2025-06-23 19:31:31'),
(27, 7, 'HT-16', 'aktif', '2025-06-23 19:31:45'),
(28, 7, 'HT-17', 'aktif', '2025-06-23 19:31:57'),
(29, 7, 'HT-18', 'aktif', '2025-06-23 19:32:07'),
(30, 7, 'HT-19', 'aktif', '2025-06-23 19:32:23');

-- --------------------------------------------------------

--
-- Table structure for table `pengisian_bbm`
--

CREATE TABLE `pengisian_bbm` (
  `id_pengisian` int(3) NOT NULL,
  `id_request` int(3) NOT NULL,
  `id_user` int(2) NOT NULL,
  `liter_sebelum` decimal(10,2) NOT NULL,
  `foto_sebelum` varchar(60) NOT NULL,
  `liter_sesudah` decimal(10,2) NOT NULL,
  `foto_sesudah` varchar(60) NOT NULL,
  `jumlah_liter_diisi` decimal(10,2) NOT NULL,
  `tanda_tangan` text NOT NULL,
  `created_at` timestamp NOT NULL DEFAULT current_timestamp()
) ENGINE=InnoDB DEFAULT CHARSET=utf8mb4 COLLATE=utf8mb4_general_ci;

--
-- Dumping data for table `pengisian_bbm`
--

INSERT INTO `pengisian_bbm` (`id_pengisian`, `id_request`, `id_user`, `liter_sebelum`, `foto_sebelum`, `liter_sesudah`, `foto_sesudah`, `jumlah_liter_diisi`, `tanda_tangan`, `created_at`) VALUES
(11, 19, 10, 100.00, 'sebelum_1753207914_8569.jpeg', 150.00, 'sesudah_1753207914_7524.jpeg', 50.00, 'data:image/png;base64,iVBORw0KGgoAAAANSUhEUgAAAZAAAADICAYAAADGFbfiAAAAAXNSR0IArs4c6QAAIABJREFUeF7tnQW0PEeVh3+4E9zdZQkSfHG3IBtYZHFn8V1cFwjO4k5wl2VxS3BZ3IOT4O5uge0PqqAZRnq6e+bNvP93z8lJ8qbqVvXXfeZO17XDRdkTCVwkyX2TPDfJi/ZEAF6zBCQwnMDhhqtQw5YRuFmSpyQ5UpKPJDnvlu3f7UpAAhtCQAOyITdiDdvYL8krJtZ5cZLrrWFtl5CABHYhAQ3ILrypUy5pryRfbozFF5J8Lck+Sc6Q5EFJ7rdnIPAqJSCBsQloQMYmupn69k9y7iRXLtv7WZJjJblhkudv5pbdlQQksOkENCCbfoeG7+/YSb6U5MLl38dJ8uOi9uJJ3jV8CTVIQAJ7IgENyO6/649L8osk9y6XerYkB5f/Pn3zFnLI7kfgFUpAAqsgoAFZBdXN0YmBeGmSyyT5SdkWIbzvLv+Nb4TjLEUCEpDA0gQ0IEsj25oJ3NvHN0dXb2mc5q9t7frySd7UOM//mORoSX63NVfkRiUggY0ioAHZqNsx6maumIR/7pjkTy3NvI0c2CQSHpbkKOXfoy6sMglIYM8goAHZvff5MSXv470Tl3jJJG8rfztGkl/tXgRemQQksEoCGpBV0t053U9P8pUkD5myhXMl+Vj5+8mTfGvntunKEpDANhPQgGzz3Zu9d5IGb5XkoClDTpXkq+XvRGR9dnci8KokIIFVE9CArJrw+vWfo4m6ek+SkyX55ZTlj5nk5+XvvI18Yv1bdEUJSGA3ENCA7Ia7+PfXcP8kp25Kltx0xqWRWPhT30B23433iiSwbgIakHUTX/16H0jyjCQHzFjqJM3x1rfLZydM8oPVb8kVJCCB3UhAA7K77irHVt9MctxW4uDkFXLE9ckkvy15IO0Q391Fw6uRgARWSkADslK8a1dOuZKzNJV3bzBn5csleXOpi3XGte/QBSUggV1DQAOya27lny8E5/nLSgb6rCu7ZZKnJXljkivtrsv3aiQggXUS0ICsk/Zq16LuFVV3OcaqPo5pKz68SR68W5InJrn9arekdglIYDcT0IDsnrt7pyRXT3KJBZf0mqaV7b5JbpTkebvn8r0SCUhg3QQ0IOsmvrr1PpTk0UloUztPvli6Ee6d5FOr246aJSCB3U5AA7I77jB5H5QuOU0ry3zaldGFkPLtRGBRB4uCiooEJCCBXgQ0IL2wbdykuzfhu7cobxbzNld7gdCFkG6EigQkIIHeBDQgvdFt1MSPltDcey7Y1R2aHBE6FD41yW026grcjAQksHUENCBbd8v+YcNnSvL5xiF+usYxfuiCyyE7/bqN72O/0lRq+6/eK5CABHaMgAZkx9CPtvB9klwzCYURF8nHmxInp0hy3uIzWTTezyUgAQnMJKAB2f6H49NN9vlLkuy/4FKowvujJAcnOc9El8Ltp+AVSEACayegAVk78lEXJBSXcuyn7fBGcakkb03ypKaA4u1G3YXKJCCBPZKABmS7bztta2kKdfkOl0HW+aOatxAc6ZQyUSQgAQkMIqABGYRvRycftbx1EML73A47ocT7zZPQE/0dHcY7RAISkMBcAhqQ7X1Arl18HydN8p0Ol/HkErp70VJ0scMUh0hAAhKYTUADsr1Px/8mOXrH4yuu0jeQ7b3X7lwCG0lAA7KRt2Xhpk6Q5PvFeLxl4ei/DKgGhAx0MtEVCUhAAoMIaEAG4duxyTjE8X3gQKe2VRd5duMzuXGTsX6hJO/vMsExEpCABOYR0IBs5/NBFd13LhmOS+l2OhWePwmVexUJSEACgwhoQAbh25HJ505C7atlj6LoVHitpoTJBZN8YEd27qISkMCuIqAB2b7b+fjmCOoKSaiBtYyQrU7k1jma0idkrysSkIAEBhHQgAzCtyOTv5vkoUkeu+Tqr2uOrq6c5KxJPrfkXIdLQAIS+AcCGpDteih483hleYv48pJbP7DJ/7hMEnqnH7LkXIdLQAIS0IBs+TPwrNJ1kLpWywqhuyQRnjzJt5ad7HgJSEACkwR8A9meZ4LSJVTTvWXTefAFPbb9wSTnS3L8oqeHCqdIQAIS+BsBDcj2PA30/Hh+Ob76Uo9tE/r7T6UX+q96zHeKBCQggb8joAHZngfiVUmOkGTfnlvG73GqJLzJ/KGnDqdJQAIS+CsBDch2PAzUvKJ0yZ2TPL3nloneOkZT0p3GUooEJCCBwQQ0IIMRrkUBfcyppnvmJN/rueLvihHCia5IQAISGExAAzIY4VoUPKf0MceH0UcOn+SwppQJob9n6KPAORKQgAQmCWhAtuOZwOlNJ8EDem73uCXy6sMlEqunGqdJQAIS+BsBDcjmPw2XTnJQeQP5SM/tnibJoU0hxTeUbPSeapwmAQlIQAOyTc/AI5NcrUftq/Y1njPJx5vy7xRUpB6WIgEJSGAwAd9ABiNcuYLPJ3lvkpsOWInKvfRBf2ppaztAlVMlIAEJ/IWABmSzn4TTFcf3JYsB6LvbqyehBe4DGgX/1VeJ8yQgAQm0CWhANvt5uHWSpyQ5VpJfDNgqjaRoKHXXJg/kUQP0OFUCEpDAXwloQDb7YfifUrvqEgO3SQtc+ohwDEZrW0UCEpDAYAIakMEIV6qAfucPS/KQgavcpymD8qAkV2nCeF8/UJfTJSABCfyZgAZkcx8ESq9Tgn2f0sJ2yE5pQHWPpo/6UF/KkD04VwIS2GUENCCbe0PvnuRmA8N369U9sSljctvGkU447yc395LdmQQksE0ENCCbe7fe3hRP/GmTv0EE1VAhgx1jZDfCoSSdLwEJ/JWABmQzH4ajJaF8yb8mefkIWyQCi0is4xSjNIJKVUhAAns6AQ3IZj4BF2v8Fe9sjMfZGyPymRG2SA4IbzJHSUJVXkUCEpDAYAIakMEIV6KAZL9/S3LGkbQTeXWZYkBGUqkaCUhgTyegAdnMJ+A9SQ5OcquRtveWJBdIstdI+lQjAQlIwDDeDX0Gfl2c3i8aaX845GlGdbKR9KlGAhKQgAZkA5+ByyYhA/08Sb400v4wIPRDJwpLkYAEJDAKAY+wRsE4qpJ7JbnJiP4PNvfWpqbWiZP07Wg45AKJ/Hpukh8nuXmSPwxR5lwJSGBzCGhANude1J28Ocl3mgZQNxpxa7yB8EV+7hF1dlH1L0meluQEZfBtSkn5LnMdIwEJbDgBDcjm3SD8H7doepe/YMStvbupqXXUNbazPXWSe5fraF/GN0pP9t+OeG2qkoAEdoiABmSHwM9YltBdDMfeST414tYOTHL4JLTHXaVQdp43DhIgj1AWwiCSh3K98v8fSHLFcqS1yr2oWwISWDEBDciKAS+pns6DJ216d9BIakx5W5I/rdiAHDfJ+1u1u/B10IP9Lk1E2debKLAXt8qyvLIxkPuNeYHqkoAE1k9AA7J+5rNWPF+SDzbO8xc20VfXH3lbJBL+Mcm+I+ttq6v1tvjbR5PcM8lBZV3+hg8GI3KF5njr90kwOL9c4X5ULQEJrJiABmTFgJdQz5frdZpquTieOfIZU3CiH1ay0cfUW3VdqkR68Zbz381a923Kx/9mykIYD64NfwzhyhgYRQIS2FICGpDNuHEnaaKuDk2Cv+B4K9gSR2McKV18BbqP3xxNfTzJKco1UDLlkBnr4Bt5afnsP5rM+MesYD+qlIAE1kRAA7Im0AuW+c/Sq/w5JQdk7F1xpPSJFemmWyLHVRgoDMS8t6crJ3ldubhHJ+G6FQlIYEsJaEA248Z9pelVTujrvzcJf09ZwZa+lQTjRJLimEJ2+1eLwieXplXz9Ncqw4x5VinXMuZ+1CUBCayRgAZkjbBnLHXVJsHv1eWzUzbZ2uRKjCmE09JbhLcEfvWPJeh9RYms+kXJcq/GZNYaNVCAz4nQ4o1EkYAEtpSABmTnbxyZ55cr/c9X4aPAp/LDkoeBo34suUaTr0I4LkL5+Qd0UEx5+i+UcfQ5od+JIgEJbCkBDcjO3jiOrTi+QgjdJYR3bKEPOk5uIqAwVmMIZeF52+DfJAZetITmLtK9T5IPl0HfT3KiRROmfE5ZFBzxF2yi1j7X8LvxyEmXPbbkFAnsmQQ0IDt73x9YQl7ZxVWaUiPka3QRorbu0/I50Dv9eyWv4iVJHlESB9HFl/u7Rs5uZ59XKhu9YVPl9/ldNl0SJL9cxpIDQm7IrOKKd0ryz03I78Oa/JWPtPRTmJE1q/BWVbPcO27DYRKQwBgENCBjUOyvA3/HyYuP4hgd1VAQ8TUlbHbWFN44KAmP4UA/fUXIcKdI41C5Q5ME+Lii5LVN0iA+nK5C/gehylUwhN+dMvnOLX8NBucMZcy1krxsYjwBAlyjIgEJrJmABmTNwFvLXaLJyyDBD+EXPW8gi6Qm7C0a1/6crO8jNWHCxxwh8/tCSd6R5MhNy90vJrlwkh8ss5kSJFC/8MkZodR8W+jd/vIkRyx/xOCwdzLpf9YkKlJva1LotkgWvyIBCayRgAZkjbAnlqJoIsUTEX7VP2HBVu5ajqYYRlTV/ZojoMeWDPPTNGG6/INT+pbluGpS3dPLOn0r4WKEyCepPUVuVkJxlyXIWxHHaggte9lXlWs34czPTnK0CaX4ik7Y8p9Mrknm+/7LbsTxEpDAMAIakGH8+s4+dvklXn9Nn6n8op+l7xxNiZNPlg95oyACapa/hC96qt3iXCa6q300RrHDS84oM7LoWggB5mgJocc6a/BWsKy0fRgPb/Zyj6KAIzY6MB59ikKOrjjGemjrM9amwjDyprKfZffieAlIYAABDcgAeAOm0pnvGWV+l3wIvrCpHUWtKY59qK7bReiBTpQUZUaqcATFcdkyhQzPm+T/yrESfpTzlwq7XfYwOQajcbfyx2eWLoX8b/vv/D9hvmcr4w4uxgpDWoXaXrVkPGVgxq5g3OfanCOBPYqABmRnbvfHkpyrLP3EJk/j9nO2cdMkfNHyhUnZEI6ulhHqYJEx3jYiGCSc312Ps97ZGC2yyPnVT3n2ITWs2pFn9A65dTEEBBTgVEc+VI7r8IV0EYwabzCKBCSwRgIakDXCLkudJclnW8vOy8/gi59f4hxDva+8OdBbfBlhPkaEvA0S/uqvdrLIORpaJG3HPT4Q9ksOR18h675Gbr2xhAPXUGN0UsWXrHlKuvBvyq9wLNcWjvG4jnqE1TenpO81OE8CEmiyhzUg638MHll+xdeV592DmqWO05wy730SAckPwe/AF3HbCc76+EM40ponvAVcswwgN6OG8PYlV6+J+ZRz52juSaUOGH8jLBefEEdsRGvh+5msUIzj/SYtw4LRmXS8992f8yQggY4ENCAdQY04jLBXSqAj8/wf7dLnfPm3Hchdt8MvdBL1OHbCCY7jmzWrYBxYZ5ZwpMTREr/2CaE98wi5JHz50/MdoQDj7ZJ8rRyxsVfeUKrBIm/k562Q3rpPyqbgR2kbDbLi2aMiAQmsiYAGZE2gyzLtcub8Cd8HPpBJ4QubZEBCZknWI+oKH8iyQqY3R1447fGjIBxj3b+liC9j/jZNapl5vtgJO+ZX/1DhaAq/B8J/P6846Kte9oafBIEDBmTy7YKaWhgf3l6qmAsy9M44XwJLEtCALAls4PDadbCqmRW+S1FFjpZ4W7nugM596P98efMg1BUhgRGjVQsZ4j/gv6f5NQirPX3xn1C6BH/KUKFjIc2kEEqg8PZx7/L/1LaifMmPWov8bsIHUrPf28deDO+blzL0epwvgT2WgAZkfbeebGp+TVeZF3pa/SQ4vy8yYItkiqODfxOGW2WyJMhtyy/69lIYlU+XP6ADRzdhxEOF2lZ3L0ooinj5UhOLP2HsCDJoS3vNn5RESY7ebjOxZ3wz+GgUCUhgTQQ0IGsCneQG5bimrsjxDQ2kpglhrOReEIXEF25foSwIHQJJwqtFDKuub7fCZqe1l61vCjjhr9ZEX5GEOIa0ExLpTtgu4VKjstrrEOpLdj1Ctj5Z+0i7ORX/bzLhGHdHHRJYgoAGZAlYA4fyBcev7Sp8KVMUcVIocf7N4jimFHvNQO+zPL4GDNW0Olj05cCXgFBS/rStBfA9sIcTl0q4hN0SHTWG8KZQjQBRYedpKT1rKdHeXocSLRy7IRzr1fL3cGoXYuS4rV7PGPtUhwQksICABmQ9j8jk8RWrkttBeO6k1EgpvhxJjhtybIRvgTpROKEn9RxYstpZH2NBP5Ia0ku2O58jXfNFupJkjdo4Cwf/cVtGjGzyrtfLs8uRFmVhEHJDKPKoSEACayKgAVkP6PomUFcjE7z9NtLeRfURUI69hrP23eXjS9tYHOGT0m6ly2ft4zKMxn4lqQ9fA/3Ux5L2mw/Goj6DhOXi+1lGKNNCWZUq5Issm2i5zHqOlYAEWgQ0IOt5HGotq7oaRQmppDtNauTTGBVmMQQcQ9Xqt5PrUU6+Hg+1s7kpoU4OBl/wHCvh3B5LCL/FKE0KPp9246gu6002l5rm6+mixzESkEAPAhqQHtCWnELS4GTPDPwN9Sy/rY5f0IzlvhA2i1N5iFD+hHVmdeybzAkh8ooQWhzsVTj+ItN7LJlcE72TPpiua5Ez0s5hwZ9CnTFFAhJYAwENyOoh0/ODJLwq5FLUHIzJ1UnUe1ZxDtfCgkN2eEhx1M8Kb203tWIdjtowHmSDI/gVjrKEX6LLXqcZkHZZ9y466hgSLF/ZmmAy4TL0HCuBgQQ0IAMBdphO6XVqTlXhnL+WM5+cXnuNY0jG8DtQPZcQ3VnHZazfdlqTK4JfoRocCjASBTWmtI/Nqt7zzWkWNW9tyr1T6r3KtA6HY+5dXRKQQIuABmS1j8NkqCmr4Y94z5RliSb6YQnfJXmQ5L0hwhsMbxMUYSQXZJaQCX7K8iH7IhKKPiIIZdyrj2TIXtpzyTanplYVDNYFeyon6uoXrUx1ckpmNdrquYTTJCCBWQQ0IKt9NiazpfFv0Jp1mtTiieRb0LujazjrrCs4d6m+y5czX9Kz5FUlUZDP6SvejmrC4U2W+pjCsVo752RohV9ySbhWhMTJevw25p7VJQEJTCGgAVntYzEZfXVAqxLt5MoUFSRbnRav+ASGSg3TpST6vCTAF7ac7ERitQ3ctBInQ/bFWxZhtrWPB7pmBRR0XYe3KwwHMha7rms7TgJ7NAENyOpu/wmmFCi8dtOm9WUzlqxHSV16dHTZ9R2LIZqWRNie366OS9XdI7Y+pBpw28fQZd15Y9rNqRj31Bkhvcusg1GmkCLSruS7jA7HSkACPQhoQHpA6zilRlTV4ZRnp35Tu6Bi/aw6g7/Y+CsoX0IexlCp/T/I45gn06KiGE+WN2HFQ4/S2ms/uDS24m84+PG9DC2RwltSLYm/yN8zlKnzJSCBFgENyOoeh3b0FbkVVJ6dVTzxOo1jmVLvRCjxK30MIXSYMiH0IJkntefH5Jh5za767u9TpccJ8wkY4C1tqBBlRuFHZFZ9saFrOF8CEphCQAOymseCX+58QbZlXmguPg9Cex/RKnU+dGc4zinEWLv/zdJHCZOHTPmQpk7txlND98PRGG9W9YiMaKxFb0dd1mzvnzpite9Jl7mOkYAEBhDQgAyAN2fq5PHVJ0ouyKw6TWScX6E0j3rJSFsih4OjnUX1pSZ7tNflcei3EyCHbqs2t6p6qNOFn2aotI/geNtqt+wdqtv5EpDAHAIakNU8HtUgVO3T+ly0V6ZXB/kX+5TQ26G7OnqSX5boKo7G5slkQcI6loq57xq6kdZ8Oiu+qPX/Y+Vs3K8p/UJbXoQCkO3M9BG3ryoJSGCSgAZk/GeC4oXfmVA7r90qpUKoNYVTmR7m05zsy+6S6ruUTNm7QyHEdh5Ie51pvTmW3Ud7PG9WRKEhXO+xkhD1NVToblibblGSnrBkRQISWAMBDcj4kEmMe0xLLVFGRFZNFlSsQ2jh+tmSNV4zwIfu6tLll/ipSzTVPH0HJWH8pJyqCY/9+tCNtOZT44ujPYQ1LzuSbroV0rUQGdrBcaQtqUYCewYBDcj495ljn3b59EWOcfqC4Pgd2v+8fSU4zu81kfE960oJL8bAtYXQXRpejRFOXPWSU8JRE050Ev4wmmNIjWBDF9FYdxlDqTokIIHFBDQgixktM6LWn2rPoWIsx0SzpDabIsGwHvEss+a0sTjPyS3pEhJ86JSCiYeV4zTqTG26EBr9pLLJRcZ606/F/UlgqwhoQMa9XbdL8oQJlRiVdu/uyRVrCC+htLSgHUMooYJcroMyCi5Olo7n2I0SKNsgZO6Tc4PMy/TfhmtxjxLYKgIakHFvFw2cLlRUEgVFBNSiPIw3ly/6myZ59kjbofwIjuXnd9BHP/RJ3wtHTe1GTR3U7OgQ/ClEnr1m5Mz5Hb0oF5fAphPQgIx3h3A6k3vRln2TvG7BEjWEl66Bi0Juu+72Z8VhTV/1RTLNBzK0wOGiNf1cAhLYBQQ0IOPdxMnS7fyyJ4yWMiazhKq0hO3y63lWn5Bld0h9KQozdtXX7gfCWi9vQoApLa9IQAISmEtAAzLeA0IvDTrrVTmwgw+Cvh81VJaeFrwNDBX6f9BZcFEZ97rOZLHEsaoBD70O50tAAhtOQAMyzg3iy/obE6q6lNXg7L46vM+Y5EsjbAdfClFJhOGSnLhIcNzvXwbh96hZ3Yvm+bkEJLCHE9CAjPMAUDr9zi1VRF2RDY4jfZ7cqvTEYAyVcymhPlQwAjRYOtcSigj5RcheVyQgAQl0IqAB6YRp4aDvTXTy61oKncQ3ypHzpkDjp98tXGnxABzxlAmh1pQiAQlIYGUENCDjoMURfsyWKhon3aeDaiK0OOriTaU9v8PUmUMojogPhJIqigQkIIGVEdCAjIOWN4cjFVUUCtyr49vEp5uop7OX4osnHWcroa85BuyxI+lTjQQkIIGpBDQgwx8MjEXbd0E4L72+Fwnsf1qOm2hlS7+MoVIr+1rWfChJ50tAAgsJaEAWIlo4gDcI3iSQX5Uue+RWLJK24RmrO19t2nSBJIQVKxKQgARWRkADMhxtrQb7+yTv6VjAkFWpTkuPcIQve770h0qt7Euv8cmWukN1O18CEpDA3xHQgAx/IKg5RVMj5EFNRBUd8roIPTjoi4G8v1VDq8vcWWPot8Hx2VGtCTUEo3MlIIEuBDQgXSjNH/P65g3iSmXIMm1gqRxb+5/z5tLuIdJ3Vw8sFWnP3FeB8yQgAQl0JaAB6Upq9jiyx0kaRI6X5McdVdLm9oAy9t1NSfKLdZw3bxj6MB5jGKMRtqMKCUhgNxPQgAy/u79NcuQSUUVP867SboQ01hsInQ0xYNftugnHSUACEuhLQAPSl9xf5p0jySeLCkJylzEgt2/eWB5f5o7lAyEajOREWsYqEpCABFZKQAMyDC/8asFCvrwxKF2ltrJlPDWoCAceKhgx/CCUSFEkIAEJrJSABmQ43rMkOX8TRUVnwXmtaydXavtADmn5UfruiOq79DAnrPilfZU4TwISkEBXAhqQrqTGH0fTpvpFTyl4GkENEQzZZ5vy8BcutbCG6HKuBCQggYUENCALEa1swFWTvLpo/3XpSjhkscskoYkVrXVrk6oh+pwrAQlIYC4BDcjOPSDtREJ2QXvbye6Ay+yOJMJnlqq+lFRRJCABCayUgAZkpXjnKsdvQul1hDIo9PAgJLiv0EiK0OAT9VXgPAlIQALLENCALENr3LHtWlhoPsmSTvjJ3Twryd5NGO95x92m2iQgAQlMJ6AB2bkn43RJvtxa/rRJvjJgO9TVorHVNQbocKoEJCCBzgQ0IJ1RjT6QHug/amk9Zyspsc9ihAK/xk6EfdA5RwIS6ENAA9KH2jhzKH/S9nlQC4uaWH3kiKUDIv3V7UTYh6BzJCCBpQloQJZGNuqEw0r0FUrJTH9aT+2nSXJok9FObsnLe+pwmgQkIIGlCGhAlsI1+mDCbY9WtN43yf49VyB58L1Jzpfkwz11OE0CEpDAUgQ0IEvhGn3wx5Pg+0Cek4Rcjj5y4yTPLsUcqYelSEACElg5AQ3IyhHPXeBtSS5ZRgwp6U4XxLsmOfbAZMSdpeHqEpDAVhHQgOzs7XpxKX7ILn6WhMisWt13mZ19KMnxkxAarEhAAhJYCwENyFowz1yEqKl26fU794yiekOSEyfZZ2cvx9UlIIE9iYAGZGfv9tmSHNzawjeTnKFpCPWbJbd1yxLBddbmjeZzS851uAQkIIFeBDQgvbCNOmm/JC9McpSi9UHNMRY+jWWENw+ir3DC44xXJCABCaycgAZk5YgXLnDmJO8otbAYTG4IBuETC2f+bcAlkrw9yQOaP1FUUZGABCSwcgIakJUj7rTAg5tM8nu1Rn4hya2KYemigAREjrGI6MIYKRKQgARWTkADsnLEnRbYq2SSE4VVBUPAG0UXg1D7iKCHaC5FAhKQwMoJaEBWjrjzApMO9Trx+0kumIRiidPkQkneVz4415JHX50350AJSEACkwQ0IJv1TFwryctmbIk3kXeWqK2fJCFi6+yl/MmZyhyPsDbrfrobCexqAhqQzbu9hPHSWfBmJbO86w4ponjb5h/eWBQJSEACKyegAVk54t4LcKRFkuEVOmjAeFCJV5GABCSwNgIakLWh7r3Q9cvbCKG6k0IS4iuaPxq62xuvEyUggb4ENCB9ye3MvBMmOVWS4xUfyGd2ZhuuKgEJSCDRgPgUSEACEpBALwIakF7YnCQBCUhAAhoQnwEJSEACEuhFQAPSC5uTJCABCUhAA+IzIAEJSEACvQhoQHphc5IEJCABCWhAfAYkIAEJSKAXAQ1IL2xOkoAEJCABDYjPgAQkIAEJ9CKgAemFzUkSkIAEJKAB8RmQgAQkIIFeBDQgvbA5SQISkIAENCA+AxKQgAQk0IuABqQXNidJQAISkIAGxGdAAhKQgAR6EdCA9MLmJAlIQAIS0ID4DEhAAhKQQC8CGpBe2JwkAQlIQAIaEJ8BCUhAAhLoRUAD0gubkyQgAQlIQAPiMyABCUhAAr2IpucbAAABC0lEQVQIaEB6YXOSBCQgAQloQHwGJCABCUigFwENSC9sTpKABCQgAQ2Iz4AEJCABCfQioAHphc1JEpCABCSgAfEZkIAEJCCBXgQ0IL2wOUkCEpCABDQgPgMSkIAEJNCLgAakFzYnSUACEpCABsRnQAISkIAEehHQgPTC5iQJSEACEtCA+AxIQAISkEAvAhqQXticJAEJSEACGhCfAQlIQAIS6EVAA9ILm5MkIAEJSEAD4jMgAQlIQAK9CGhAemFzkgQkIAEJaEB8BiQgAQlIoBcBDUgvbE6SgAQkIAENiM+ABCQgAQn0IqAB6YXNSRKQgAQkoAHxGZCABCQggV4ENCC9sDlJAhKQgAT+HxVSVgWS6unIAAAAAElFTkSuQmCC', '2025-07-22 18:11:54');

-- --------------------------------------------------------

--
-- Table structure for table `request_pengisian`
--

CREATE TABLE `request_pengisian` (
  `id_request` int(3) NOT NULL,
  `id_user` int(2) NOT NULL,
  `id_alat` int(2) NOT NULL,
  `id_nomor` int(2) NOT NULL,
  `hourmeter` varchar(20) NOT NULL,
  `foto_hourmeter` varchar(60) NOT NULL,
  `foto_indikator_bbm` varchar(60) NOT NULL,
  `tanda_tangan` text NOT NULL,
  `status` enum('pending','disetujui','ditolak') DEFAULT 'pending',
  `alasan_tolak` text DEFAULT NULL,
  `id_user_admin` int(2) DEFAULT NULL,
  `tanggal_verifikasi` timestamp NULL DEFAULT NULL,
  `created_at` timestamp NOT NULL DEFAULT current_timestamp()
) ENGINE=InnoDB DEFAULT CHARSET=utf8mb4 COLLATE=utf8mb4_general_ci;

--
-- Dumping data for table `request_pengisian`
--

INSERT INTO `request_pengisian` (`id_request`, `id_user`, `id_alat`, `id_nomor`, `hourmeter`, `foto_hourmeter`, `foto_indikator_bbm`, `tanda_tangan`, `status`, `alasan_tolak`, `id_user_admin`, `tanggal_verifikasi`, `created_at`) VALUES
(19, 7, 7, 21, '100000', 'hourmeter_1753207366_6500.jpg', 'indikator_1753207366_3537.jpeg', 'data:image/png;base64,iVBORw0KGgoAAAANSUhEUgAABMkAAAEsCAYAAADZ4eQCAAAAAXNSR0IArs4c6QAAIABJREFUeF7t3QeUdFWVL/D/UzELGDBHTCgmzIoJFQYxoCJgVsyKAUwYUDEgqMiICqOOAXXEgDqOYk6oGEbFDCpmFBkFRQHDM/Hunrn95lpWd1d1V/VXVfd31mLB133uOfv87l2fy73O2ef/RCNAgAABAgQIECBAgAABAgQIECDQc4H/0/P1Wz4BAgQIECBAgAABAgQIECBAgACBSJL5CAgQIECAAAECBAgQIECAAAECBHovIEnW+08AAAECBAgQIECAAAECBAgQIECAgCSZb4AAAQIECBAgQIAAAQIECBAgQKD3ApJkvf8EABAgQIAAAQIECBAgQIAAAQIECEiS+QYIECBAgAABAgQIECBAgAABAgR6LyBJ1vtPAAABAgQIECBAgAABAgQIECBAgIAkmW+AAAECBAgQIECAAAECBAgQIECg9wKSZL3/BAAQIECAAAECBAgQIECAAAECBAhIkvkGCBAgQIAAAQIECBAgQIAAAQIEei8gSdb7TwAAAQIECBAgQIAAAQIECBAgQICAJJlvgAABAgQIECBAgAABAgQIECBAoPcCkmS9/wQAECBAgAABAgQIECBAgAABAgQISJL5BggQIECAAAECBAgQIECAAAECBHovIEnW+08AAAECBAgQIECAAAECBAgQIECAgCSZb4AAAQIECBAgQIAAAQIECBAgQKD3ApJkvf8EABAgQIAAAQIECBAgQIAAAQIECEiS+QYIECBAgAABAgQIECBAgAABAgR6LyBJ1vtPAAABAgQIECBAgAABAgQIECBAgIAkmW+AAAECBAgQIECAAAECBAgQIECg9wKSZL3/BAAQIECAAAECBAgQIECAAAECBAhIkvkGCBAgQIAAAQIECBAgQIAAAQIEei8gSdb7TwAAAQIECBAgQIAAAQIECBAgQICAJJlvgAABAgQIECBAgAABAgQIECBAoPcCkmS9/wQAECBAgAABAgQIECBAgAABAgQISJL5BggQIECAAAECBAgQIECAAAECBHovIEnW+08AAAECBAgQIECAAAECBAgQIECAgCSZb4AAAQIECBAgQIAAAQIECBAgQKD3ApJkvf8EABAgQIAAAQIECBAgQIAAAQIECEiS+QYIECBAgAABAgQIECBAgAABAgR6LyBJ1vtPAAABAgQIECBAgAABAgQIECBAgIAkmW+AAAECBAgQIECAAAECBAgQIECg9wKSZL3/BAAQIECAAAECBAgQIECAAAECBAhIkvkGCBAgQIAAAQIECBAgQIAAAQIEei8gSdb7TwAAAQIECBAgQIAAAQIECBAgQICAJJlvgAABAgQIECBAgAABAgQIECBAoPcCkmS9/wQAECBAgAABAgQIECBAgAABAgQISJL5BggQIECAAAECBAgQIECAAAECBHovIEnW+08AAAECBAgQIECAAAECBAgQIECAgCSZb4AAAQIECBAgQIAAAQIECBAgQKD3ApJkvf8EABAgQIAAAQIECBAgQIAAAQIECEiS+QYIECBAgAABAgQIECBAgAABAgR6LyBJ1vtPAAABAgQIECBAgAABAgQIECBAgIAkmW+AAAECBAgQIECAAAECBAgQIECg9wKSZL3/BAAQIECAAAECBAgQIECAAAECBAhIkvkGCBAgQIAAAQIECBAgQIAAAQIEei8gSdb7TwAAAQIECBAgQIAAAQIECBAgQICAJJlvgAABAgQIECBAgAABAgQIECBAoPcCkmS9/wQAECBAgAABAgQIECBAgAABAgQISJL5BggQIECAAAECBAgQIECAAAECBHovIEnW+08AAAECBAgQIECAAAECBAgQIECAgCSZb4AAAQIECBAgQIAAAQIECBAgQKD3ApJkvf8EABAgQIAAAQIECBAgQIAAAQIECEiS+QYIECBAgAABAgQIECBAgAABAgR6LyBJ1vtPAAABAgQIECBAgAABAgQIECBAgIAkmW+AAAECBAgQIECAAAECBAgQIECg9wKSZL3/BAAQIECAAAECBAgQIECAAAECBAhIkvkGCBAgQIAAAQIECBAgQIAAAQIEei8gSdb7TwAAAQIECBAgQIAAAQIECBAgQICAJJlvgAABAgQIECBAgAABAgQIECBAoPcCkmS9/wQAECBAgAABAgQIECBAgAABAgQISJL5BggQIECAAAECBAgQIECAAAECBHovIEnW+08AAAECBAgQIECAAAECBAgQIECAgCSZb4AAAQIECBAgQIAAAQIECBAgQKD3ApJkvf8EABAgQIAAAQIECBAgQIAAAQIECEiS+QYIECBAgAABAgQIECBAgAABAgR6LyBJ1vtPAAABAgQIECBAgAABAgQIECBAgIAkmW+AAAECBAgQIECAAAECBAgQIECg9wKSZL3/BAAQIECAAAECBAgQIECAAAECBAhIkvkGCBAgQIAAAQIECBAgQIAAAQIEei8gSdb7TwAAAQIECBAgQIAAAQIECBAgQICAJJlvgAABAgQIECBAgAABAgQIECBAoPcCkmS9/wQAECBAgAABAgQIECBAgAABAgQISJL5BggQIECAAAECBAgQIECAAAECBHovIEnW+08AAAECBAgQIECAAAECBAgQIECAgCSZb4AAAQIECBAgQIAAAQIECBAgQKD3ApJkvf8EABAgQIAAAQIECBAgQIAAAQIECEiS+QYIECBAgAABAgQIECBAgAABAgR6LyBJ1vtPAAABAgQIECBAgAABAgQIECBAgIAkmW+AAAECBAgQIECAAAECBAgQIECg9wKSZL3/BAAQIECAAAECBAgQIECAAAECBAhIkvkGCBAgQIAAAQIECBAgQIAAAQIEei8gSdb7TwAAAQIECBAgQIAAAQIECBAgQICAJJlvgAABAgQIECBAgAABAgQIECBAoPcCkmS9/wQAECBAgAABAgQIECBAgAABAgQISJL5BggQIECAAAECBAgQIECAAAECBHovIEnW+08AAAECIwrcLcmz275PTnLsiM/pRoAAAQIECBAgQIAAAQJzICBJNgcvSYgECMyEwDeSXLeN5IQkT0tyzExEJggCBAgQIECAAAECBAgQWLeAJNm6CQ1AgEAPBHZO8sEh66zdZDv0YP2WSIAAAQIECBAgQIAAgYUXkCRb+FdsgQQIrFPgPEm+muQ6y4zz3ObnB6xzDo8TIECAAAECBAgQIECAwCYWkCTbxC/A9AQIzLTAuZIcluSxbZR/TvLJJDt1ov5xkm2S/N+ZXongCBAgQIAAAQIECBAgQGBFAUkyHwgBAgSWF6i6Ywe1v/5rklck2TfJj5JcufPYXs2fjwRJgAABAgQIECBAgAABAvMrIEk2v+9O5AQITFfg0UmO6ExxaJKnNDdc/m1IkuzoJHtMNxyjEyBAgAABAgQIECBAgMA0BSTJpqlrbAIE5lXgakm+m6SOW9YOsie2u8jOaRf06iSPGFjc5knOmtcFi5sAAQIECBAgQIAAAQJ9F5Ak6/sXYP0ECAwT+ER7a+WZSZ6c5F8HOtUOs9pp1m13TXIMTgIECBAgQIAAAQIECBCYTwFJsvl8b6ImQGB6AjdL8oV2+Crav8+Qqd6ZZLeBn78mySOnF5aRCRAgQIAAAQIECBAgQGCaApJk09Q1NgEC8yiwtIvshCQ3b3aSnT1kEW9I8uCBnz+3+fMB87hgMRMgQIAAAQIECBAgQIBAIknmKyBAgMD/CnR3kVWR/kOWwRmWJHPDpS+JAAECBAgQIECAAAECcywgSTbHL0/oBAhMXOC1SR6a5KtJbprkL8vM8Mkktxv4nZ1kE38dBiRAgAABAgQIECBAgMDGCUiSbZy1mQgQmG2BCyf5dZLNmn8ObBJk+68Q7rDbLaseWdUl0wgQIECAAAECBAgQIEBgDgUkyebwpQmZAIGpCNRtlXVrZbVtk5woSTYVZ4MSIECAAAECBAgQIEBgJgUkyWbytQiKAIFNIPDhJDs1CbKjmwTZHqvMbyfZJnhBpiRAgAABAgQIECBAgMA0BSTJpqlrbAIE5kXgnkne1dYg2znJxyXJ5uXViZMAAQIECBAgQIAAAQKTEZAkm4yjUQgQmF+BKyT5dJIrJzkjyeWS/GGV5SjcP7/vW+QECBAgQIAAAQIECBAYKiBJ5sMgQKDvAktHJ3+f5OFJjhoB5KQkVx/od+Mkx4/wrC4ECBAgQIAAAQIECBAgMIMCkmQz+FKERIDAhgksHbOsCeuI5R1HmPlBza6zI4f0u2SS00Z4XhcCBAgQIECAAAECBAgQmEEBSbIZfClCIkBgQwQunOSsdqZTkuyQ5HsjzHxI89yTBvp9I8n1R3hWFwIECBAgQIAAAQIECBCYUQFJshl9McIiQGDqAu9Msls7y9OTHDzijIcm2Xeg73uT7Dri87oRIECAAAECBAgQIECAwAwKSJLN4EsREgECUxe4b1NT7C3tLFWE/y5JqibZKO1VSR450PH5SZ49ysP6ECBAgAABAgQIECBAgMBsCkiSzeZ7ERUBAtMTqNph305ysSR/TFIF908YY7qqR1Z1ybpt/yQHjjGGrgQIECBAgAABAgQIECAwYwKSZDP2QoRDgMDUBd6fZJd2lnGOWS4F9rYmybbnQJRPSVK1yjQCBAgQIECAAAECBAgQmFMBSbI5fXHCJkBgTQJ7J3ll++SHktTtln8Yc6R3J7nHwDOPT/KKMcfRnQABAgQIECBAgAABAgRmSECSbIZehlAIEJiqwOWT/LSd4bdJbprkpDXM2N2JtvT4w5K8boyxtkjyrLb/85KcOcazuhIgQIAAAQIECBAgQIDAFAQkyaaAakgCBGZS4Lgk27eRvTHJg9cY5SeS7DDw7P2SHDXGeN26Zo9NcvgYz+pKgAABAgQIECBAgAABAlMQkCSbAqohCRCYOYGnJnlRG9UPkty6uaHy1DVG+YUkNxt4drckdQxzlLZPW7/s3G3ntzY72uq2TY0AAQIECBAgQIAAAQIENqGAJNkmxDc1AQIbInDhJJUYq1stq1VCqhJTa23fSrLtwMP/lOQjIwx4iySfG+hXNdGulOS0EZ7XhQABAgQIECBAgAABAgSmJCBJNiVYwxIgMDMC70myaxvNB5LceZ2RfS/J1QbGuG2ST68y7tbN3F9KcrG238+TXDrJuZL8LMkNkvxqnbF5nAABAgQIECBAgAABAgTWKCBJtkY4jxEgMBcCOzdHIz/YRnp6kqodNsqOr5UWV8c0K7nVbdsl+doKD100ybHNkczrJTmnOe758SSHJXlzki3b556R5KC5UBUkAQIECBAgQIAAAQIEFlBAkmwBX6olESDw3wJ1vPIbSS7Veuyf5MAJ2Jyd5EID41xzhZsyN0vy9iT3aJ+pwv915PMXSapo/8uSVH2ySqINXggwgXANQYAAAQIECBAgQIAAAQKjCEiSjaKkDwEC8yjQPWb53SR3SHLKOhdSRyP/1Ca1ukNdYoWjks9pOh7Qdj4+yZ5tjbT60UuTPLH9XcV2+XXG53ECBAgQIECAAAECBAgQWKOAJNka4TxGgMBMC9SuraXbJs9MsmOSL04g4gsm+d3AOHV88vxt8mxwitu3Ryvr58ckefBAMu11SR7SPvTXJOeZQIyGIECAAAECBAgQIECAAIE1CEiSrQHNIwQIzLzA95t6X1dto3xHu3trEkFfJkkV3O+2On55kSGD19+v32xvwqwE2X2SVN9ue9tAbHWM8/eTCNQYBAgQIECAAAECBAgQIDCegCTZeF56EyAw+wJHtQmpivRbTaJqtxXqhY27mqsPGWu5Y5JVd+wtSX6dZKckddRysH2yqUV2u84Pr5jkp+MGpT8BAgQIECBAgAABAgQIrF9Akmz9hkYgQGB2BO6S5H1tOL9N8qQkdaRxUu0GSb46MNhXmjlvNPCz+ru1EnTXbo5nPiXJIcsEUGPVmNX+kuSySU6bVLDGIUCAAAECBAgQIECAAIHRBSTJRrfSkwCB2Raoo4p1m+XWbZh1o+RDh9QQW88qbtveQtkd46PtTrHuz/Zob7Q8I0ntDhs8ZrnU9wtJbtb+4W9JLi1Jtp7X41kCBAgQIECAAAECBAisXUCSbO12niRAYLYEDmyK5z+jDenHzQ2SD0hy3IRDrGOTHx4Ys3aqPWzgZ59Osn2SZyV54TIxXKBNntWNmUvtOklOmHDMhiNAgAABAgQIECBAgACBEQQkyUZA0oUAgZkXuFaSE9so/5jkJUmePYWo75rkvQPjHpDkuZ2fbdMU4/92krpV88ZJvrdMHPX375+TnLvz+82bI6JnTSFuQxIgQIAAAQIECBAgQIDAKgKSZD4RAgQWQeCkpkh+FdWv9sWmHti9plQA/4FJ3jgA9simlthrOj87MsmDmmOWr2+Pey7nWwm0Lw38crskX1uEF2INBAgQIECAAAECBAgQmDcBSbJ5e2PiJUBgUOCpSV7U+eHdk/zHlJj2apNf3eHv0RTff0/7g8sk+X6S87XF/L++QhzDLgG4XnMb5zenFLthCRAgQIAAAQIECBAgQGAFAUkynwcBAvMsULdB1i6yKtpf7WNJdpziguq2zMGbKmtH2PHtnI9L8vIkn2oK/N9ulTiqZtlgzbS6GKDqmWkECBAgQIAAAQIECBAgsMECkmQbDG46AgQmKvDuJLWTa6lVPbDvTnSGvx/sac0usYMGxr9Ekl8lOU+bHLtlkp2HFPgfDOv6Q45W3qpJ8n12ivEbmgABAgQIECBAgAABAgSWEZAk82kQIDCvApUcqyTZUqtdXK+c8mKe04xfhfqX2p/aXWx/aY9XfrmtM3azJOesEsuwJNntk3xyymswPAECBAgQIECAAAECBAgMEZAk81kQIDCPAnW8so5Z1nHLakcnqXphv5vyYg5Osl9njpOTXKn9cx31vEOSKu7/5hHiqPpjgzXLdh1ye+YIQ+lCgAABAgQIECBAgAABAusVkCRbr6DnCRDYFAKvSPLYduI/tMmpz29AIIcm2bczT81Zxyuv2ia36sjlrZP8coRYrtzcgvmjgX57JnnHCM/qQoAAAQIECBAgQIAAAQITFpAkmzCo4QgQmLpAFcTvHkmsXWR7TH3W/5mgjnPu3ZnrqCT3S3LvJG9N8m9JHjBiLJdL8rOBvo9K8uoRn9eNAAECBAgQIECAAAECBCYoIEk2QUxDESCwIQI/SLJ1O9MJzW2QVcdrlJ1bkwjuiCSP7gx0WJIq5v/btgbZFceI5YJDjofWLrWXTSJQYxAgQIAAAQIECBAgQIDAeAKSZON56U2AwKYVqKL5VTx/qdUOstpJtlFtMEn2xPZWyxc3u8m+k+RaYwRygSS/H+j/5CQvHWMMXQkQIECAAAECBAgQIEBgQgKSZBOCNAwBAlMXuEpTFP+HnVk+nGTnqc/69xO8IcmDOz+6b3sE82JJ7pLk/WPEU/XL/jzQ/0lJqu6ZRoAAAQIECBAgQIAAAQIbLCBJtsHgpiNAYM0CX0myXft0Feu/cVOL7MQ1j7a2BweTZIckqd1fddPmNccc8lxJzkxSN3UutccnqUsJNAIECBAgQIAAAQIECBDYYAFJsg0GNx0BAmsS2CvJ6ztP7pekjjhudKvC/FWof6nV7ZS1w+2hA/GNEtd52+OW5+503idJ1TnTCBAgQIAAAQIECBAgQGCDBSTJNhjcdAQIjC1wpSTHNzusLt4++f0kN2p3YY092DofeNOQ2yvrCOhNkvx6zLG3THLGwDOPTXL4mOPoToAAAQIECBAgQIAAAQITEJAkmwCiIQgQmKrAG5taZA/szHCbJJ+Z6ozLD97dSfa3JHVk8tlJnr+GeCpJ9qt2jKXHq8bZW9cwlkcIECBAgAABAgQIECBAYJ0CkmTrBPQ4AQJTFbj3QNLoVUkePdUZVx78yCQP6nSp3WPXaJNd44Z1hSQnDzy0S5IPjjuQ/gQIECBAgAABAgQIECCwfgFJsvUbGoEAgekIbNHeZlk3R1b7RVsc/7fTmW6kUev2ykpkLbUq5P+QkZ78x07bJzlu4Md1W2fd2qkRIECAAAECBAgQIECAwAYLSJJtMLjpCBAYWeDtze2Ve7S9f9fuIHvzyE9Pp+OX2ls1a/S/JLlakp+scarLJjll4Nkdkhy7xvE8RoAAAQIECBAgQIAAAQLrEJAkWweeRwkQmJrAnZJ8oDN63WxZN0hu6tatj3ZCkuusI6DzJzm7qWfWvd3yCUlevo4xPUqAAAECBAgQIECAAAECaxSQJFsjnMcIEJiqwLeSbNvOUMcs6/bIn051xtEG/1SSujigWt102a1PNtoIf9/r50ku0/nREUn2XstAniFAgAABAgQIECBAgACB9QlIkq3Pz9MECExeYL8kB3eGrZpfVftrFtqpSS7dBvK0JC9aZ1BfbBOAS8McleR+6xzT4wQIECBAgAABAgQIECCwBgFJsjWgeYQAgakJbJPk253R6zbJvaY22/gDVx2ypeORdctm3ba5nvbRpnj/HTsDfDLJ7QcGrLpndfy0dpzdM8lFmt8fkKRqtp25nsk9S4AAAQIECBAgQIAAAQL/KyBJ5msgQGBWBC7Y1iG7bRvQ6UlunuQHMxLgvkkO7cRynyRvW2ds701y184Yn2+TZi9NsntTn6xu9lzu7+lK2NVOtvrnrHXG4XECBAgQIECAAAECBAj0XkCSrPefAAACMyPwuIGi9U9udk1VsmhWWhXqv3YnmDsPXC6wljg/kmTHzoN1/HKzJNuNMdhX291nvxnjGV0JECBAgAABAgQIECBAYEBAkswnQYDALAjcIEkdNdyyDaYK5N9tho4T7pTkwwNQd2iK+H9inXj1/A6dMeq2ywuvYczTkuyT5K1JzlnD8x4hQIAAAQIECBAgQIBA7wUkyXr/CQAgMBMC309y1TaSk5PsPFCbbFMH+e4k9xgI4ooTuHHzO01i65oTXNyXkuySpI6qagQIECBAgAABAgQIECAwhoAk2RhYuhIgMBWBlySpo5VL7QVJnjWVmdY2aCXvKok32CaRJPtVW3dsbZENf6p2vFWi7G+THNRYBAgQIECAAAECBAgQWHQBSbJFf8PWR2C2BR6a5LWdEH+f5EIzFnIl7Z7ZHP/8SpIbdmKrY5G/W0esVZS/kmQrtbq98qgkxyb5RduxbtXcY5XnDkyy/zpi8ygBAgQIECBAgAABAgR6JyBJ1rtXbsEEZkbgus1Njsc1N0Zu3omoEjuV4JmVdoEkP2t3ex2U5OltYLVLqwrsr2e3Vo33tFUWWsmwo4f02TXJW1ZJKN4xycdnBVIcBAgQIECAAAECBAgQmHUBSbJZf0PiI7CYApdsC+FXwf6l9oMkt0zyyxla8j2TvKvdRfaaJK9qY6ubJC+6zjj/s7kd86YrjFEF/WsH2XLtWkk+n2SLZTrULrUbJ/nxOuP0OAECBAgQIECAAAECBHohIEnWi9dskQRmTuAdSXYfiGqvJEfOWKQfahJR/9TEdECbvDuije/EZofXtuuItdZeBsNaJbXu3ByprDlWa+du+11jmY51e+aO69zxtloMfk+AAAECBAgQIECAAIGFEJAkW4jXaBEE5krgMUkOH4i4CuNffcZWceUkP2pj2r4thl+1yarVDq7a9bbW9vKmHtnjlnl4tR1kg49t0yTV6lbLqpE2rB2WZJ+1Buo5AgQIECBAgAABAgQI9EVAkqwvb9o6CcyGQB0RrGOGFxkIZ+8kS7u0ZiPS5LnNDqxnt8ct75Xk1Uke0Qb3niT3WGOgF0zyvSSXXeb5K7R10MYZvnbhvX6FByrWilkjQIAAAQIECBAgQIAAgWUEJMl8GgQIbJTAVkm+3CRzrjgwYRXGr+TZ2RsVyIjzfLe5WbKOMe6X5MVJ3t1JjNWNnA8fcZzBbtu1Nc6GPX5w53KAcYd/XZKHLPPQyUmuk+SscQfVnwABAgQIECBAgAABAn0RkCTry5u2TgKbXuDDSXYaEkbt1nr+pg/v7yK4dlMz7YT2J5dJ8l9JPt3cFnnr9md1A2fdxLmW9tHmVs+6eXJYW8/fyXXbZh27vP4yY1ddtdodpxEgQIAAAQIECBAgQIDAEIH1/B8yoAQIEBhVoI4rHj2k82lJbpXkpFEH2qB+ByV5WlN37CNt4f6a9iedXXBV46tqfa2lnZFkyyEPTqIuWyX0PpvkKkPGr3kv1+yM+8NagvYMAQIECBAgQIAAAQIEFl1AkmzR37D1Edj0AjdMcvwyYbwlyf03fYj/EMEP20TTg5t/v7H97e+aY5dVT6zaWmt81U662lE3rD0pyaETsKjbLD/Y7M6rmy8HWx3HfMME5jAEAQIECBAgQIAAAQIEFk5AkmzhXqkFEZg5gRPbmmPDArt0kl/MWMQ3b2+vrLAu2twM+ZskW7T/Xgr1Fkm+sIa461bPut1zsJ2S5PJrGG+5RyrZtu+QX745yQMnOI+hCBAgQIAAAQIECBAgsDACkmQL8yothMBMCjwryfOWiayOK9axxVlrL0vyhCSfSXKbNrg6vli7y5baldvjl+PGfs4yD0x6h9d5kvxoSOLt9CSVmPzruIHrT4AAAQIECBAgQIAAgUUXkCRb9DdsfQQ2ncAOTZLpE8tMX3WxKvE0a7vIKty6bbNqd+2d5Ig2/jrCWPXJlloVyf/LmLS7J3nHMs/ceIUjqWNO8/+7PznJS4Y8XDd2fm+tg3qOAAECBAgQIECAAAECiyogSbaob9a6CGx6ge8mqYTMsPaUJIds+hD/IYJrJanjodUu1RyN/GX73/dp1nJU+98/XqYw/mrLeVGSpw7p9PEVbrtcbcyVfn/JJCcnOd9Ap6oBV7XgNAIECBAgQIAAAQIECBDoCEiS+RwIEJiGwKuSPHKZgSvxVMcVZ/GWxec0MR+Q5NgktRNuqe3fFMJ/fvuHzyXZfg1oVTC/LgIYbHssc/PnGqb4h0dq51rtYOu2qldWlwRoBAgQIECAAAECBAgQINARkCTzORAgMGmB7ZJ8ZYVBH5/kFZOedELjHdcmwJ6WFvmuAAAgAElEQVSe5ODOmP/aHMN8WPvnNzX1vh60hvkel+TlA899KclN1zDWqI9cpz3Ged7OA59vjo7ectQB9CNAgAABAgQIECBAgEBfBCTJ+vKmrZPAxglUwftbLTPdWUm2TlIF5GetXanZ6VVHKavVscvvdAL89yR3b/9cFxHUjrNx29WG1ALbqUnKfXTcgcbs/94mUXbXzjN1ecC5xhxDdwIECBAgQIAAAQIECCy8gCTZwr9iCySwoQL3XaXe1YubY5b7bWhEo0/2iCSvbhNZg7XUqk5ZJc6q1S6y2k221lbHOast/Xut44z63AuSPHOgcx0XrWOjGgECBAgQIECAAAECBAi0ApJkPgUCBCYlsGW7+6oK3g9rP0pywyS/mdSEEx7nfUnukuSlSepmyKVWf0/+Okmtr9oNknx9wnNPc7jawXZSku7f94c3u/keO81JjU2AAAECBAgQIECAAIF5E5Akm7c3Jl4CsyvwyiR7rxDeA5L824yGf+GmmH0dBa12myR1ZHSpbdW55bJ+VrdGnjaj61gurHK/X+eXddz10kn+OmfrEC4BAgQIECBAgAABAgSmJiBJNjVaAxPolcCweltdgK+2u8hmFWXHppj9R9odYxcfCLJ2vx3f/qxu5lxup9ysrq3i2iXJ+wcCrLpxn53loMVGgAABAgQIECBAgACBjRSQJNtIbXMRWFyBdybZbYXl3S7Jp2Z4+UckeXRTd+ztzZHRew/EuXuSd7Q/O7ZZxw4zvI7lQrtQW2vtMp0Or0nyyDlci5AJECBAgAABAgQIECAwFQFJsqmwGpRArwQqAfbJFVY867vIKvSfN0X7K4G0V5IjB9by+CSHtT+r31WfeWwvS/KETuBnJrlcU3/t7HlcjJgJECBAgAABAgQIECAwaQFJskmLGo9A/wS+nWSbFZZ9s+a43xdnmOV6bSH+Ks4/eNSywq4i949p49+3KeBfyaZ5bHdIckyS83eCr91/757HxYiZAAECBAgQIECAAAECkxaQJJu0qPEI9EvgIUlet8KS65jinjNO8owkBzYF+z/RFOyvRNJgW7r1sn5+ryTvmvH1LBdeHbmsWzmv2ulQCbKVjsnO6VKFTYAAAQIECBAgQIAAgfEFJMnGN/MEAQL/I3CRJD9odlrV7Y/LtSslOXnGwT6d5NZJnprkJUNi/WaS67Q/v2aSk2Z8PSuF98YkD+x0+Et7EUHtotMIECBAgAABAgQIECDQawFJsl6/fosnsC6BQ5PU8cPlWu3O2n9dM0z/4TpeeXo7Td3QWUm/bqu/I89IskWSvya5YJI/TT+sqc1wk/ZGy806Mzyqqcf26qnNaGACBAgQIECAAAECBAjMiYAk2Zy8KGESmDGByyf56Qox/SrJ1kmqOPwstzoK+rbmlsdTk1x2SKCVHKu1nLs5Nlq11649y4sZMbaqS3bnTt+6dOH2Iz6rGwECBAgQIECAAAECBBZWQJJsYV+thRGYqsBbmmOH911hhiclqZ1ms97+Lcn9kryySYY9bkiw10pyYvvz9ye5y6wvaIT46obLejfn6vS9cnNr509GeFYXAgQIECBAgAABAgQILKyAJNnCvloLIzA1gesm+cYKo/84yVWmNvtkB/6vtiZX7aSqHVWDbWmnWf38kCRPmez0m2S0K7aJvyrkv9RqXbU+jQABAgQIECBAgAABAr0VkCTr7au3cAJrFvj3JHdf4el7Jqk+s962T3Jckl+0Sb0/DAl473aXWf3qQc0R0jfN+qJGjK/W8YBO368kudGIz+pGgAABAgQIECBAgACBhRSQJFvI12pRBKYmUIXfv7jC6F9IcoupzT7ZgV+Y5OlJPpTkTssM/YqmsP9j29/dJslnJhvCJhvtkc2tpIe3tdaWgpj3mzs3GaaJCRAgQIAAAQIECBBYDAFJssV4j1ZBYKME3prk3itMdqv29sSNimc983wzyXWS7Jbk3csM9PbmaOIe7e8umuQ365lwhp69dJLvJ+keuXxBc4Pns2YoRqEQIECAAAECBAgQIEBgQwUkyTaU22QE5l6gjifWMcVhrRJoKxXzn6XFXyHJyW1Al0xy2jLBfb7ZaXbzJL9OcvFZWsAEYnlnmyBcGup7Sa4xgXENQYAAAQIECBAgQIAAgbkUkCSby9cmaAKbROACSarQ/eZDZq96Xtt0Ek+bJMAxJn1Me9zwU0lut8JzS4X964jpzcYYfx663j/J65KctxNs1SWr+mQaAQIECBAgQIAAAQIEeicgSda7V27BBNYsUDdAfnyZp1/dJNAeteaRN/7BDyfZKcmTk7x0menrKOKZSc6V5N8GCt1vfMSTn7HW96MmWbhVZ+iDkjxj8lMZkQABAgQIECBAgAABArMvIEk2++9IhARmRaAKvdcOrMH2H23drj/NSqCrxLFFp7bYtZN8e5n+12rWdWL7u/2SvHhO1jdOmK9N8tDOA19Lst04A+hLgAABAgQIECBAgACBRRGQJFuUN2kdBKYrULupTk1S9bu6rYq/1w6zn053+omO/k/tjZar1RnbJcn725mfkOTlE41iNgar3XR1u2f3fwuu1uya+8FshCcKAgQIECBAgAABAgQIbJyAJNnGWZuJwDwLDDtqeVa762jeEioHJ6mdYZ9b4RKCelf7NvXXDm1fWhW0r8L2i9ZqV13d8lkXGSy1Rd01t2jvznoIECBAgAABAgQIEJiwgCTZhEENR2BBBd6TZNfO2s5pb0b89zlcbxXhv0mSlyR56grxv6mtQ1aXEtTNlvXvRWz7J3l+Z2GfbHcHLuJarYkAAQIECBAgQIAAAQLLCkiS+TgIEFhNoBJEddRys07H9w4kzVYbY1Z+v2WSM9pgdkvy7hUCq/pc10/y5TapNitrmHQcdaPlx5KUTbU/t8dqfzPpiYxHgAABAgQIECBAgACBWRaQJJvltyM2ArMhsHeSV3ZC+WNzy+Wt2+TRbEQ4ehR3SvKBtvvlk5yyzKPn7+wc+9ckjxh9irnred42cXjBTuR3TXLM3K1EwAQIECBAgAABAgQIEFiHgCTZOvA8SqAnAmcmuUi71kqQvaj57wPmdO0Vex2x/NlAHa7B5dQOstpJVq2ShEfM6XpHDbt21N2j0/nVSR416sP6ESBAgAABAgQIECBAYBEEJMkW4S1aA4HpCdwqyWcGhn9gkjdPb8qpjlzF+m+R5F1J7rXCTA9IUjXJqm3fFvmfamCbePAbNC4f7txe+sskl9rEMZmeAAECBAgQIECAAAECGyogSbah3CYjMHcCF0pydifqvzQF7+tnf5q7lSSbNzdW/raN+2ntjrjlllG3WtbtltUu1qljNofLHink8ySp20rrmOlSW9QbPUcC0YkAAQIECBAgQIAAgf4JSJL1751bMYFxBWqH0Q5J6kbLTySpul7z2HZO8sE28PrvWtdy7SNJdmxqkf08yeXmcbFriPkdSXbvPPf45lbPV6xhHI8QIECAAAECBAgQIEBgLgUkyebytQmaAIE1CLyk2RX35Pa5CySp+mrLtV8nuWhz1PKjzVHLndYw1zw+sl2TGPxss8OubKqtdiR1HtcoZgIECBAgQIAAAQIECCwrIEnm4yBAoC8CX0lSiaBvJKnC/Mu1Syc5tf3lC5M8sydAdTnD6UnqtstqdWFDJQr/1pP1WyYBAgQIECBAgAABAj0XkCTr+Qdg+QR6IlAJoEr6VPuXJI9ZYd27JHl/+/t7J3l7T4xqmUvHTJeWXAX9v96j9VsqAQIECBAgQIAAAQI9FpAk6/HLt3QCPRK4Z3t8sJb84CRvXGHtT+0U9d82yYk9cqrk4eGd9apL1qOXb6kECBAgQIAAAQIE+i4gSdb3L8D6CfRD4GXNDZVPaJd69STfX2HZtXNsj7Zm2VJ9rn4oJVdJ8sPOYquY/559Wbx1EiBAgAABAgQIECDQbwFJsn6/f6sn0BeBLye5UVO4/+wkdfRypfbtJNskqWdu0hegzjqPTnK3tjbZL5NUjba62VQjQIAAAQIECBAgQIDAQgtIki3067U4AgSSXLwtSF8Yo9xWuZQQen2Sh/ZQ8DnNmg/orHu1nXc9JLJkAgQIECBAgAABAgQWUUCSbBHfqjURINAV2D1JHRus9uwkz1+B53qdQvVPSXJIDylvmOT4zrpXq+HWQyJLJkCAAAECBAgQIEBgEQUkyRbxrVoTAQJdgcOSVAH6andK8qEVeB6Q5E3t7++Q5BM9pVw6clrLf3mnnltPOSybAAECBAgQIECAAIE+CEiS9eEtWyOBfguc0Owku3ZLcLEm4XPGChwvTPL09veXT3JKT+ne0N4CWssvv+v01MGyCRAgQIAAAQIECBDokYAkWY9etqUS6KHAJZP8ol133WhZ9bVWah9od5tVIq0San1td05yTLv4qtG2RZKz+oph3QQIECBAgAABAgQI9ENAkqwf79kqCfRVYM/mpsq3tYuv3VEPWQXip0lqB9nHkuzYV7QkWyapmy03aw12ai896DGJpRMgQIAAAQIECBAgsOgCkmSL/oatj0C/BV7THJl8eEuwd5IjVuC4aFO77Nft76uO2T79pstbkty3NejrJQY9/wQsnwABAgQIECBAgEC/BCTJ+vW+rZZA3wR+0BTi37pddN1c+c0VAG6V5DPt72vHWe0863PbN8mhLcC7ktyrzxjWToAAAQIECBAgQIDA4gtIki3+O7ZCAn0VuFySn7WLP7Otq7WSxWOSHN52uHlTm+w/+wrXrnvbJjH2rfa/f56kPDUCBAgQIECAAAECBAgsrIAk2cK+Wgsj0HuB2g32ulbhQ21B/pVQXpHksW2HiyQ5u/eCycmN4RVah+sn+QYTAgQIECBAgAABAgQILKqAJNmivlnrIkDg9Un2ahkOSvKMVUjqqGUduawjmlfD998Cn0pym9bicUleyYUAAQIECBAgQIAAAQKLKiBJtqhv1roIEDgpydVbhrsled8qJKc1SaBLJBll11lfdO+c5Jh2sc9L8py+LNw6CRAgQIAAAQIECBDon4AkWf/euRUT6IPAFZtdZD/pLPTinZsrh61/qyS/bH9xYJL9+4A0whovneTUtt+JSapOmUaAAAECBAgQIECAAIGFFJAkW8jXalEEei9w7yRvbRWqeP9SXa3lYHZM8pH2l/dLclTvBf8XoJJj12r/eNUkP2RDgAABAgQIECBAgACBRRSQJFvEt2pNBAj8S5JHtQxvSXL/VUgen+Swts+1k3wb4f8X2CfJi5KcN8mDk7xxDJvbJdm97X90kmPHeFZXAgQIECBAgAABAgQIbKiAJNmGcpuMAIENEvhakrqNsdoTk/zzKvPWLZh1G2Y1fy/+PdauSd7T/uhVSR494jvcMsknm2dv0Pavd7JDkt+M+LxuBAgQIECAAAECBAgQ2FAB/2dwQ7lNRoDABghUcuaMzjx1Y+VnV5n3uCTbJ/lWkutuQIzzNEVdZlCXGlQb5ejq0truM+TY6n07x2DnyUCsBAgQIECAAAECBAj0QECSrAcv2RIJ9EzgDkk+1lnzBZL8cRWDs5JcOMk7mqOWe/bMa5Tlfqm55fLGbcdRj6MeMOQ2zNpJ5sjlKOL6ECBAgAABAgQIECCw4QKSZBtObkICBKYs8Jxm/ErQVKvaYpXUWaldqam19eO2w35JXjzl+OZx+KpJ9tQ28DpuWccuV2tleXCn0/GdRNtqz/o9AQIECBAgQIAAAQIENlxAkmzDyU1IgMCUBT6a5I7tHEcm2WuV+e6U5ANtn7sn+Y8pxzePw++c5INt4HXzZ90AulqremRVuH+pVV24qg+nESBAgAABAgQIECBAYCYFJMlm8rUIigCBdQicnuTi7fN7JzlilbGekeTAts8Vk/x0HXMv6qMXaeu8nTvJKUkuP8JCB5Nkz22eWdrhN8LjuhAgQIAAAQIECBAgQGBjBSTJNtbbbAQITFdg6yQ/6EwxSg2stya5d3Nr4y+aY4SXnm54cz36V5pddtu1K7jagPOwhb06ySM6v3hkktfMtYDgCRAgQIAAAQIECBBYaAFJsoV+vRZHoHcC90pydGfVmyepovwrta8luX5bUL6SatpwgUOT7Nv+6uHNbrLXrgJVCbJKlC219yS5B1wCBAgQIECAAAECBAjMqoAk2ay+GXERILAWgRckeWb74KnNzqXLrjJI3Xz5+7bPSzrF6dcy96I/s2OSj7SLHOUW0Low4YQOyp+SnG/RkayPAAECBAgQIECAAIH5FZAkm993J3ICBP5R4P1Jdml/XAX4qxD/Sq2OD9Yxwmp7DOxC4/v3AlXnreq9Vau6bXUr6DmrIP2hueHy/J0+12iK/n8PLAECBAgQIECAAAECBGZRQJJsFt+KmAgQWKtAJW+WispXMf79VxnowU2y5w1tn2s1tcm+s9aJe/Jcty7ZlZubQ3+yyrp/k2SLTp86DvuunlhZJgECBAgQIECAAAECcyYgSTZnL0y4BAgsK3CJJKd1frtbknev4rVUZ6t2PF2Q7aoC3WL8eyapY5crtZOSXL3ToY7CvnDVWXQgQIAAAQIECBAgQIDAJhCQJNsE6KYkQGAqArdK8pnOyDdM8tVVZjouyfZJPp7kjlOJarEGfVCSI9slHd4cv3zsKsv7dpJtOn1qF1ntJtMIECBAgAABAgQIECAwcwKSZDP3SgREgMAaBR6d5IjOs6P8/fbrJBdt/jksyT5rnLdPj12tU1OsbgWtmm4rtS8nuVGnw+eb4v+37BOYtRIgQIAAAQIECBAgMD8Co/yfyPlZjUgJEOizwMuTPK4FqOLwVSR+pXaVJD9sO9yv6X9Un/HGWPtSnbGzktQR17q1crn2uSS36Pzyl0kuNcZcuhIgQIAAAQIECBAgQGDDBCTJNozaRAQITFngg0l2buc4JsldV5mvjv0d3fapulnfn3J8izL8sUlu2y7mZs1tol9cYWEnNHXLrj3w+wsk+eOiYFgHAQIECBAgQIAAAQKLIyBJtjjv0koI9F3gvzq7lA5O8vRVQF6QpArJn55kq77jjbH+st2v7V81yt60wrMnJ7nCwO/r9tFTxphPVwIECBAgQIAAAQIECGyIgCTZhjCbhACBKQvU7qTfd+Z4VJK6iXGl9qkkt0ny3qbA/65Tjm+Rhq9bLd/WLmi1Wm6/G3Jr6NZJfrRIINZCgAABAgQIECBAgMBiCEiSLcZ7tAoCfRe4wcBNlnXs8sOroCwV7X9u0++AvgOOsf7rJfl62/+zSepW0WFtyyRnDPlFFf//wRjz6UqAAAECBAgQIECAAIENEZAk2xBmkxAgMGWBPZK8vTPHakf66vc/bfvfOckHphzfIg1/7iS1Q+x8SX7b3g56zpAF3rCpC3f8kJ9fNsmpiwRiLQQIECBAgAABAgQILIaAJNlivEerINB3gac1SZuDWoRK4Fx4FZD7J3lz26duW6xbF7XRBboF+S+X5OdDHu0ad399/qZe3P8dfSo9CRAgQIAAAQIECBAgsDECkmQb42wWAgSmK/D6JHu1U3wlyY1Wme5lzVHAJ7Q7yGonmTaeQO3aq9171XZK8tEhjx+S5EkDP68jrhcfbyq9CRAgQIAAAQIECBAgsDECkmQb42wWAgSmK3Bsktu2UxzTHPO76yrTVS2tWyZ5TXP075HTDW0hR69bQet20GpPTfKSIav8eJLbD/x8lATmQoJZFAECBAgQIECAAAECsy8gSTb770iEBAisLvDt5sbFbdpuq924WN1+k2SL5pbFByV50+rD6zEgcJdmt9772p8dkWTvIUKnNEnIqj/WbUd2dvxBJUCAAAECBAgQIECAwEwJSJLN1OsQDAECaxToFo7fpykmX4my5do1kny3/WUdy6zdTdp4AtdN8o32kS8mudnA45WArETkYDswyf7jTaU3AQIECBAgQIAAAQIENkZAkmxjnM1CgMD0BK6e5KTO8Ls0SZsPrjDdg5O8oamXdVaSzacX1kKPXDdc/iHJZklOT7LVwGq3TfKtIQL3HriFdKGRLI4AAQIECBAgQIAAgfkSkCSbr/clWgIE/lHg1k3tq093frx1c4zyRytAvaqtQzZK7TLeywtUEqySYX9JUjdcdm8IrZpw7x3y6C2SfAEqAQIECBAgQIAAAQIEZlFAkmwW34qYCBAYR+BhTZLmXzsPXKy5ufKMFQao45XbJXl2kuePM5G+fydQSbClCxIGb7h8TLO77PAhXpVM+zlHAgQIECBAgAABAgQIzKKAJNksvhUxESAwjkDVuFpKdlWx+Muv8PCFkpzd/r5uw+zuQBtnTn2T2ol35xbigCTP7aDUf1cSstv+nOQCSf4KjwABAgQIECBAgAABArMoIEk2i29FTAQIjCNQu8hqN1m1zye55QoPb5/kuPb3Wyb57TgT6ft3AvdP8ub2J7sOHK98dbNj7BEDXsNqlyElQIAAAQIECBAgQIDAzAhIks3MqxAIAQJrFPhYkju0z747yW4rjPOUJC8eIZm2xlB69dgrk+ydpG63fOhAof56D/cY0Phmkuv1SshiCRAgQIAAAQIECBCYKwFJsrl6XYIlQGCIQN1sWTdcVvvnJE9cQekdSXZvE2X70VyXwMuTPK4dYZsk323/u/535dQklxoY/TNJbrOuGT1MgAABAgQIECBAgACBKQpIkk0R19AECGyIwO/bWlc12T5JDlth1p8kuWK78+wTGxLd4k7yniR1zLLajZLUhQjVqk5Z1SsbbJWg3HNxOayMAAECBAgQIECAAIF5F5Akm/c3KH4C/Ra4ZJJfdAjqqGUd9RvWtkryy/af2vm00g2Y/VYdbfWfTHK7tus1knyv/e9/SfKogSHOSbJD88+nRhtaLwIECBAgQIAAAQIECGy8gCTZxpubkQCByQncNMl/dobr7mganOWeSd6V5KNJdppcCL0dqZskWzpuuXlzicLPklxkQGW1CxV6i2jhBAgQIECAAAECBAjMjoAk2ey8C5EQIDC+wL2SHN157OJJfr3MMFWwvwr3Py/Jc8afyhMDAt0LE26c5Pgkd0/y7wP9ahfZLQaSmTAJECBAgAABAgQIECAwcwKSZDP3SgREgMAYAk9Kckjb/6wktZNpufaFJDdoC/e/b4w5dB0usHQJQv32GUkOSrJ042X3iUpi7gGRAAECBAgQIECAAAECsy4gSTbrb0h8BAisJFAJskqUVftRkq2X6XzeZhfZ75pdZOdKcoUkP8e6boFKjB3YjvLHJFdrivZ/KcllOiOf1uz02zZJ/VsjQIAAAQIECBAgQIDATAtIks306xEcAQKrCByV5D5tn6qRdftl+l8sySlJKplzUaoTEbhKkjc3Nd62b0c7ub05dGnwvza3jr4oyTMnMptBCBAgQIAAAQIECBAgMGUBSbIpAxueAIGpCtTNlnXDZbV3tkcph01Yu8cqibPSbrOpBrqgg9dtoXVr6LB2epKbJPnxgq7dsggQIECAAAECBAgQWDABSbIFe6GWQ6BHAudO8ofmyN9m7Zqf2/z7gGXWv3QL5nFJbt0jo2kv9bfL1IH7W5KHJjly2gEYnwABAgQIECBAgAABApMSkCSblKRxCBDYaIE7JKkbFpfavZO8fZkglm5drGLze250oAs63/mS/L6t89Zd4teSHNzu7KsjlxoBAgQIECBAgAABAgTmQkCSbC5ekyAJEBgisH+S53d+XjdXfn0Zqdpl9uymHtlhSfahOTGBHyap2mTVKiF2RFP37Wlt8mxikxiIAAECBAgQIECAAAECGyEgSbYRyuYgQGAaAm/r7Ar7c1uQv26wHNZe0xTuf3iSfZO8bBrB9HTMWyWpG0bLf78kn+upg2UTIECAAAECBAgQILAAApJkC/ASLYFADwXq766fJblsu/az2iTZcsf7qhZZ3cK4e3sMsIdklkyAAAECBAgQIECAAAECKwlIkvk+CBCYR4Etk5zRCfw/k9x8hYWcluQSSW6c5Ph5XLCYCRAgQIAAAQIECBAgQGC6ApJk0/U1OgEC0xG4c5PwOqYz9IeS3GmZqbZK8su2ZtZFk9SuM40AAQIECBAgQIAAAQIECPydgCSZD4IAgXkUeHqSF3YCP7RJfj1pmYUs3YJ5YpJt53GxYiZAgAABAgQIECBAgACB6QtIkk3f2AwECExe4Kgk9+kMWwmySpQNa09J8uIk70tyt8mHYkQCBAgQIECAAAECBAgQWAQBSbJFeIvWQKB/At9Nco3Osh+U5E3LMLwzyW5JnpbkRf2jsmICBAgQIECAAAECBAgQGEVAkmwUJX0IEJglgQsPqStWN1d+bkiQ507yqyRbJPmnJB+ZpYWIhQABAgQIECBAgAABAgRmR0CSbHbehUgIEBhN4CZJvjjQ9ZpJThry+C2TfDbJX5LUjZi/G20KvQgQIECAAAECBAgQIECgbwKSZH1749ZLYP4FHjDkaGUlwH47ZGkHtccsP5PkNvO/dCsgQIAAAQIECBAgQIAAgWkJSJJNS9a4BAhMS+D5zc6w/TuD/zXJZknOGTLhUu2y5za/O2BaARmXAAECBAgQIECAAAECBOZfQJJs/t+hFRDom8DbkuzZWfR/JbnMEISrd45g1rHLz/cNynoJECBAgAABAgQIECBAYHQBSbLRrfQkQGA2BI5LUoX6l9r3Bm66XPr5U9vbLKtw/yWT/G02whcFAQIECBAgQIAAAQIECMyigCTZLL4VMREgsJLAt5JsO0KS7BtJrpvkfUnuhpQAAQIECBAgQIAAAQIECKwkIEnm+yBAYN4EfpzkSp2g689XGVhE/bluu/xjcxPmLkmqcL9GgAABAgQIECBAgAABAgSWFZAk83EQIDBvAqckuWwn6FMH/ly/ekySw5PU726e5OR5W6R4CRAgQIAAAQIECBAgQGBjBSTJNtbbbAQIrF/gJ0mu2BnmrCSbDwz74SQ7JflZkiusf0ojECBAgAABAgQIECBAgMCiC0iSLfobtj4CiycwWJOsVniuJOe0Sz1/kjOTbJbkTZeIOmcAAALpSURBVEketHgEVkSAAAECBAgQIECAAAECkxaQJJu0qPEIEJi2wGeT3HJgkoskObv92V3aYv31x4c09cveMO2AjE+AAAECBAgQIECAAAEC8y8gSTb/79AKCPRN4INJdh5Y9FZJTm9/9ormvx/b/ncV+FePrG9fiPUSIECAAAECBAgQIEBgDQKSZGtA8wgBAptU4D1Jdh2I4LpJ6hhmte8kuWaSM5ri/ZU8++smjdbkBAgQIECAAAECBAgQIDAXApJkc/GaBEmAQEfgyCF1xrZNcmKSqyb5ftv3nUl2J0eAAAECBAgQIECAAAECBEYRkCQbRUkfAgRmSeC1SR46ENDtknwqyQPaYv3161clefQsBS4WAgQIECBAgAABAgQIEJhdAUmy2X03IiNAYLjAoUn2HfjVjkl+3tQq+0KSKuJf7fpJvgGRAAECBAgQIECAAAECBAiMIiBJNoqSPgQIzJLAC5M8fSCgh7WJszp2WW2HJMfOUtBiIUCAAAECBAgQIECAAIHZFpAkm+33IzoCBP5R4FlJnjfw4w8k2aX9WdUs2wscAQIECBAgQIAAAQIECBAYR0CSbBwtfQkQmAWBxyV5+QqBbJ7krFkIVAwECBAgQIAAAQIECBAgMD8CkmTz865ESoDA/wg8Pslhy2D8c5IngiJAgAABAgQIECBAgAABAuMKSJKNK6Y/AQKbWuCWST47JIgTk+ya5PubOkDzEyBAgAABAgQIECBAgMD8CUiSzd87EzEBAskbkjwgSf0dVsmxd+V/fvYTOAQIECBAgAABAgQIECBAYC0CkmRrUfMMAQKzILBVkj8n+c0sBCMGAgQIECBAgAABAgQIEJhvAUmy+X5/oidAgAABAgQIECBAgAABAgQIEJiAgCTZBBANQYAAAQIECBAgQIAAAQIECBAgMN8CkmTz/f5ET4AAAQIECBAgQIAAAQIECBAgMAEBSbIJIBqCAAECBAgQIECAAAECBAgQIEBgvgX+H90K4XhXvIVYAAAAAElFTkSuQmCC', 'disetujui', NULL, 8, '2025-07-22 18:10:24', '2025-07-22 18:02:46');

-- --------------------------------------------------------

--
-- Table structure for table `stok_bbm`
--

CREATE TABLE `stok_bbm` (
  `id_stok` int(3) NOT NULL,
  `tanggal` date NOT NULL,
  `no_pesanan` varchar(20) NOT NULL,
  `jumlah_liter` decimal(10,2) NOT NULL,
  `id_user` int(2) NOT NULL,
  `created_at` timestamp NOT NULL DEFAULT current_timestamp()
) ENGINE=InnoDB DEFAULT CHARSET=utf8mb4 COLLATE=utf8mb4_general_ci;

--
-- Dumping data for table `stok_bbm`
--

INSERT INTO `stok_bbm` (`id_stok`, `tanggal`, `no_pesanan`, `jumlah_liter`, `id_user`, `created_at`) VALUES
(24, '2025-07-22', '123456', 100.00, 8, '2025-07-22 17:49:43');

-- --------------------------------------------------------

--
-- Table structure for table `total_stok_bbm`
--

CREATE TABLE `total_stok_bbm` (
  `id_total` int(3) NOT NULL,
  `total_liter` decimal(10,2) NOT NULL DEFAULT 0.00,
  `updated_at` timestamp NOT NULL DEFAULT current_timestamp() ON UPDATE current_timestamp()
) ENGINE=InnoDB DEFAULT CHARSET=utf8mb4 COLLATE=utf8mb4_general_ci;

--
-- Dumping data for table `total_stok_bbm`
--

INSERT INTO `total_stok_bbm` (`id_total`, `total_liter`, `updated_at`) VALUES
(1, 50.00, '2025-07-22 18:11:54');

-- --------------------------------------------------------

--
-- Table structure for table `users`
--

CREATE TABLE `users` (
  `id_user` int(2) NOT NULL,
  `name` varchar(35) NOT NULL,
  `email` varchar(25) NOT NULL,
  `password` varchar(25) NOT NULL,
  `role` enum('admin','supervisor','operator','operator_pengisian') NOT NULL,
  `chat_id_telegram` varchar(15) DEFAULT NULL,
  `foto` varchar(30) DEFAULT NULL,
  `created_at` timestamp NOT NULL DEFAULT current_timestamp()
) ENGINE=InnoDB DEFAULT CHARSET=utf8mb4 COLLATE=utf8mb4_general_ci;

--
-- Dumping data for table `users`
--

INSERT INTO `users` (`id_user`, `name`, `email`, `password`, `role`, `chat_id_telegram`, `foto`, `created_at`) VALUES
(7, 'Wahyudin Hamzah', 'operator@gmail.com', 'operator123', 'operator', '5474102518', NULL, '2025-06-18 03:30:57'),
(8, 'Hendry Ari Wibowo', 'admin@gmail.com', 'admin123', 'admin', '5474102518', 'profile_8_1753206628.png', '2025-06-18 04:03:41'),
(9, 'Ivo Nurmansyah', 'supervisor@gmail.com', 'supervisor123', 'supervisor', '5474102518', NULL, '2025-06-18 04:43:28'),
(10, 'Imron Hamzah', 'pengisian@gmail.com', 'pengisian123', 'operator_pengisian', '5474102518', NULL, '2025-06-18 07:35:20'),
(11, 'Iqbal Wahyudi', 'operator@example.com', 'operator123', 'operator', '5474102518', NULL, '2025-06-23 19:54:18'),
(13, 'Muhammad Arya Putra Fajar', 'aryaptraf06@gmail.com', 'arya123', 'supervisor', '5474102518', NULL, '2025-07-22 17:38:13');

--
-- Indexes for dumped tables
--

--
-- Indexes for table `alat`
--
ALTER TABLE `alat`
  ADD PRIMARY KEY (`id_alat`);

--
-- Indexes for table `nomor_seri`
--
ALTER TABLE `nomor_seri`
  ADD PRIMARY KEY (`id_nomor`),
  ADD KEY `alat_id` (`id_alat`);

--
-- Indexes for table `pengisian_bbm`
--
ALTER TABLE `pengisian_bbm`
  ADD PRIMARY KEY (`id_pengisian`),
  ADD KEY `request_id` (`id_request`),
  ADD KEY `user_id` (`id_user`);

--
-- Indexes for table `request_pengisian`
--
ALTER TABLE `request_pengisian`
  ADD PRIMARY KEY (`id_request`),
  ADD KEY `user_id` (`id_user`),
  ADD KEY `alat_id` (`id_alat`),
  ADD KEY `nomor_seri_id` (`id_nomor`),
  ADD KEY `user_admin_id` (`id_user_admin`);

--
-- Indexes for table `stok_bbm`
--
ALTER TABLE `stok_bbm`
  ADD PRIMARY KEY (`id_stok`),
  ADD KEY `user_id` (`id_user`);

--
-- Indexes for table `total_stok_bbm`
--
ALTER TABLE `total_stok_bbm`
  ADD PRIMARY KEY (`id_total`);

--
-- Indexes for table `users`
--
ALTER TABLE `users`
  ADD PRIMARY KEY (`id_user`),
  ADD UNIQUE KEY `email` (`email`);

--
-- AUTO_INCREMENT for dumped tables
--

--
-- AUTO_INCREMENT for table `alat`
--
ALTER TABLE `alat`
  MODIFY `id_alat` int(2) NOT NULL AUTO_INCREMENT, AUTO_INCREMENT=11;

--
-- AUTO_INCREMENT for table `nomor_seri`
--
ALTER TABLE `nomor_seri`
  MODIFY `id_nomor` int(2) NOT NULL AUTO_INCREMENT, AUTO_INCREMENT=31;

--
-- AUTO_INCREMENT for table `pengisian_bbm`
--
ALTER TABLE `pengisian_bbm`
  MODIFY `id_pengisian` int(3) NOT NULL AUTO_INCREMENT, AUTO_INCREMENT=12;

--
-- AUTO_INCREMENT for table `request_pengisian`
--
ALTER TABLE `request_pengisian`
  MODIFY `id_request` int(3) NOT NULL AUTO_INCREMENT, AUTO_INCREMENT=20;

--
-- AUTO_INCREMENT for table `stok_bbm`
--
ALTER TABLE `stok_bbm`
  MODIFY `id_stok` int(3) NOT NULL AUTO_INCREMENT, AUTO_INCREMENT=25;

--
-- AUTO_INCREMENT for table `total_stok_bbm`
--
ALTER TABLE `total_stok_bbm`
  MODIFY `id_total` int(3) NOT NULL AUTO_INCREMENT, AUTO_INCREMENT=2;

--
-- AUTO_INCREMENT for table `users`
--
ALTER TABLE `users`
  MODIFY `id_user` int(2) NOT NULL AUTO_INCREMENT, AUTO_INCREMENT=14;

--
-- Constraints for dumped tables
--

--
-- Constraints for table `nomor_seri`
--
ALTER TABLE `nomor_seri`
  ADD CONSTRAINT `nomor_seri_ibfk_1` FOREIGN KEY (`id_alat`) REFERENCES `alat` (`id_alat`);

--
-- Constraints for table `pengisian_bbm`
--
ALTER TABLE `pengisian_bbm`
  ADD CONSTRAINT `pengisian_bbm_ibfk_1` FOREIGN KEY (`id_request`) REFERENCES `request_pengisian` (`id_request`),
  ADD CONSTRAINT `pengisian_bbm_ibfk_2` FOREIGN KEY (`id_user`) REFERENCES `users` (`id_user`);

--
-- Constraints for table `request_pengisian`
--
ALTER TABLE `request_pengisian`
  ADD CONSTRAINT `request_pengisian_ibfk_1` FOREIGN KEY (`id_user`) REFERENCES `users` (`id_user`),
  ADD CONSTRAINT `request_pengisian_ibfk_2` FOREIGN KEY (`id_alat`) REFERENCES `alat` (`id_alat`),
  ADD CONSTRAINT `request_pengisian_ibfk_3` FOREIGN KEY (`id_nomor`) REFERENCES `nomor_seri` (`id_nomor`),
  ADD CONSTRAINT `request_pengisian_ibfk_4` FOREIGN KEY (`id_user_admin`) REFERENCES `users` (`id_user`);

--
-- Constraints for table `stok_bbm`
--
ALTER TABLE `stok_bbm`
  ADD CONSTRAINT `stok_bbm_ibfk_1` FOREIGN KEY (`id_user`) REFERENCES `users` (`id_user`);
COMMIT;

/*!40101 SET CHARACTER_SET_CLIENT=@OLD_CHARACTER_SET_CLIENT */;
/*!40101 SET CHARACTER_SET_RESULTS=@OLD_CHARACTER_SET_RESULTS */;
/*!40101 SET COLLATION_CONNECTION=@OLD_COLLATION_CONNECTION */;
